{"cameraMode":{"drawMode":0,"name":"Shaded","section":"Shading Mode"},"sceneLighting":true,"audioPlay":false,"sceneViewState":{"m_AlwaysRefresh":false,"showFog":true,"showSkybox":true,"showFlares":true,"showImageEffects":true,"showParticleSystems":true,"showVisualEffectGraphs":true,"m_FxEnabled":true},"in2DMode":false,"pivot":{"x":8.726341247558594,"y":0.1555624008178711,"z":0.49347877502441409},"rotation":{"x":0.1152343824505806,"y":0.01191942859441042,"z":-0.0013808769872412086,"w":0.9932575225830078},"size":12.12435531616211,"orthographic":false}