{"cameraMode":{"drawMode":0,"name":"Shaded","section":"Shading Mode"},"sceneLighting":true,"audioPlay":false,"sceneViewState":{"m_AlwaysRefresh":false,"showFog":true,"showSkybox":true,"showFlares":true,"showImageEffects":true,"showParticleSystems":true,"showVisualEffectGraphs":true,"m_FxEnabled":true},"in2DMode":false,"pivot":{"x":9.792143821716309,"y":1.540226936340332,"z":1.5896763801574708},"rotation":{"x":0.02997444197535515,"y":0.03747353330254555,"z":-0.0011237624567002059,"w":0.9988440275192261},"size":6.142613887786865,"orthographic":false}