{"cameraMode":{"drawMode":0,"name":"Shaded","section":"Shading Mode"},"sceneLighting":true,"audioPlay":false,"sceneViewState":{"m_AlwaysRefresh":false,"showFog":true,"showSkybox":true,"showFlares":true,"showImageEffects":true,"showParticleSystems":true,"showVisualEffectGraphs":true,"m_FxEnabled":true},"in2DMode":false,"pivot":{"x":0.1015065535902977,"y":-2.4676578044891359,"z":22.635879516601564},"rotation":{"x":0.08838038891553879,"y":-0.008965185843408108,"z":0.0007967252749949694,"w":0.996037483215332},"size":13.585775375366211,"orthographic":false}