{"cameraMode":{"drawMode":0,"name":"Shaded","section":"Shading Mode"},"sceneLighting":false,"audioPlay":false,"sceneViewState":{"m_AlwaysRefresh":false,"showFog":true,"showSkybox":false,"showFlares":true,"showImageEffects":true,"showParticleSystems":true,"showVisualEffectGraphs":true,"m_FxEnabled":true},"in2DMode":false,"pivot":{"x":17.14061737060547,"y":1.0360257625579835,"z":0.29695308208465578},"rotation":{"x":0.04565535485744476,"y":-0.18767377734184266,"z":0.008733411319553852,"w":0.9811276197433472},"size":1.8537828922271729,"orthographic":false}