{"cameraMode":{"drawMode":0,"name":"Shaded","section":"Shading Mode"},"sceneLighting":false,"audioPlay":false,"sceneViewState":{"m_AlwaysRefresh":false,"showFog":true,"showSkybox":false,"showFlares":true,"showImageEffects":true,"showParticleSystems":true,"showVisualEffectGraphs":true,"m_FxEnabled":true},"in2DMode":false,"pivot":{"x":0.019600391387939454,"y":-0.9839493632316589,"z":-0.39101099967956545},"rotation":{"x":-0.07990140467882157,"y":0.5891275405883789,"z":-0.05870162323117256,"w":-0.8019291758537293},"size":1.2152619361877442,"orthographic":false}